,Date_of_Joining,Gender,Service,remotely,Designation,Resource_Allocation,Mental_Fatigue_Score,Burn Rate
17,2008-05-06,1,1,1,3.0,7.0,9.2,0.8062493109540114
31,2008-10-27,1,1,0,5.0,9.0,9.6,0.8843780756104507
42,2008-03-09,0,1,0,3.0,7.0,10.0,0.9285895203003667
97,2008-12-15,1,1,1,3.0,8.0,8.0,0.763737800298425
113,2008-04-22,1,0,1,4.0,9.0,9.2,0.8308737983057426
138,2008-07-06,1,0,0,3.0,8.0,7.9,0.7688538846747106
170,2008-09-25,1,1,0,3.0,8.0,8.3,0.7663663448606988
174,2008-02-23,1,0,1,5.0,10.0,9.0,0.9032896836905981
185,2008-05-18,0,1,0,3.0,8.0,9.3,0.8483990923123355
191,2008-06-21,0,0,0,4.0,8.0,9.2,0.8286028114308699
201,2008-07-17,1,0,0,5.0,10.0,9.4,0.9101133385366273
204,2008-12-03,1,1,0,3.0,6.0,9.3,0.8101311541199547
245,2008-06-06,1,1,1,3.0,8.0,8.8,0.8068785945691734
271,2008-01-12,1,0,0,4.0,8.0,8.4,0.7520465344407528
277,2008-08-27,1,0,0,5.0,10.0,7.8,0.7723652353644749
282,2008-09-16,1,1,0,5.0,10.0,9.3,0.9431867872771595
338,2008-10-16,0,0,0,5.0,9.0,9.4,0.9051955056371683
364,2008-01-22,1,1,0,5.0,10.0,9.2,0.9225313993772634
374,2008-11-16,0,0,1,3.0,7.0,8.8,0.7650143952542439
394,2008-10-15,1,1,0,4.0,9.0,8.3,0.7629923834451462
412,2008-02-04,1,1,1,3.0,7.0,9.7,0.8463650204923856
449,2008-06-14,1,1,1,4.0,9.0,8.5,0.7821568702491606
452,2008-08-31,0,1,0,4.0,9.0,10.0,0.9500726993311688
497,2008-05-14,0,1,0,5.0,9.0,9.9,0.9151270211408631
501,2008-08-21,0,1,0,4.0,9.0,9.0,0.81563661627614
509,2008-03-27,0,0,0,4.0,9.0,8.9,0.818236707135247
529,2008-10-31,1,1,0,3.0,8.0,9.4,0.8536292642309267
539,2008-09-16,0,1,0,4.0,9.0,8.3,0.776986125101711
553,2008-05-28,0,1,0,4.0,9.0,9.3,0.8636022098109086
575,2008-01-02,0,1,0,4.0,8.0,9.1,0.8235680043760438
577,2008-04-29,1,1,0,4.0,8.0,9.7,0.8546657651151106
591,2008-01-04,0,0,1,3.0,7.0,8.8,0.7640196136442154
594,2008-08-22,0,0,0,4.0,8.0,9.5,0.8692033650367958
625,2008-01-14,1,0,0,3.0,6.0,8.9,0.7528503302897096
626,2008-11-20,1,0,0,3.0,8.0,8.2,0.755993892867401
630,2008-03-30,1,1,0,5.0,10.0,10.0,0.9679543245361583
639,2008-02-23,0,0,0,4.0,7.0,9.3,0.835956451798529
646,2008-10-04,0,0,0,5.0,10.0,9.6,0.9183041080908245
649,2008-10-15,1,1,1,4.0,8.0,8.7,0.7779060440974404
664,2008-03-19,1,0,1,3.0,9.0,9.8,0.9267514194769835
707,2008-06-26,1,1,0,4.0,7.0,9.5,0.8330531549333017
749,2008-07-26,0,1,0,3.0,7.0,9.0,0.7836224871271327
758,2008-05-31,1,1,0,4.0,10.0,9.3,0.9225040569584471
770,2008-03-27,0,1,0,4.0,9.0,8.1,0.7635954718804536
782,2008-11-19,1,1,0,4.0,9.0,9.0,0.815981344964742
808,2008-10-14,0,0,0,4.0,8.0,10.0,0.9439857590084304
837,2008-07-19,1,1,0,5.0,10.0,9.5,0.9277607514039874
848,2008-01-04,1,1,0,4.0,8.0,9.2,0.8040144794762305
857,2008-05-17,1,1,0,4.0,8.0,9.9,0.8720000143230453
875,2008-05-24,0,1,1,3.0,7.0,8.9,0.7748532612468471
880,2008-03-25,1,0,0,5.0,9.0,8.9,0.8332089558495996
883,2008-07-10,0,0,0,5.0,9.0,8.7,0.8387581158895465
906,2008-12-23,0,0,0,4.0,9.0,8.8,0.8291887761014345
927,2008-06-28,1,0,1,3.0,8.0,9.7,0.9153272193439841
939,2008-08-09,1,1,0,3.0,7.0,8.6,0.7513338885257085
948,2008-12-01,0,1,0,4.0,8.0,8.8,0.7723430432714412
979,2008-03-04,1,0,0,4.0,7.0,9.4,0.8426440881271533
1043,2008-02-25,1,1,0,4.0,9.0,8.4,0.7802094805977011
1078,2008-08-21,1,1,0,4.0,9.0,8.6,0.7848372276532884
1094,2008-02-10,0,1,0,3.0,7.0,9.0,0.7825708783272693
1108,2008-03-09,0,1,1,5.0,9.0,8.2,0.8169417699604509
1122,2008-06-28,0,0,1,3.0,7.0,8.8,0.7701713382342928
1135,2008-03-19,1,1,0,4.0,8.0,9.3,0.8323637750417645
1146,2008-08-20,1,1,0,4.0,9.0,9.9,0.911419480563876
1156,2008-10-11,0,1,0,5.0,9.0,8.6,0.8171131243768119
1162,2008-12-16,0,0,0,4.0,8.0,8.5,0.7501372056632838
1197,2008-09-28,1,1,0,3.0,7.0,9.9,0.8734571282941567
1260,2008-05-11,0,0,0,4.0,8.0,9.0,0.7952944551939454
1262,2008-06-17,0,0,1,3.0,6.0,9.0,0.7723611524199725
1299,2008-03-27,1,0,0,5.0,9.0,9.1,0.8615950083326599
1315,2008-08-22,1,1,0,4.0,8.0,8.8,0.7796276207066688
1328,2008-03-26,1,1,0,3.0,8.0,8.0,0.7693201331208503
1376,2008-03-03,0,1,0,4.0,8.0,8.7,0.7761990523877622
1385,2008-09-05,0,1,0,4.0,9.0,8.1,0.7696805965978998
1422,2008-01-18,0,1,0,3.0,8.0,9.1,0.828736447626231
1425,2008-06-28,1,0,0,5.0,8.0,8.9,0.8166919597616973
1461,2008-09-07,1,0,0,2.0,7.0,8.9,0.7639623675718816
1466,2008-12-20,1,0,0,3.0,6.0,8.9,0.751690583377463
1471,2008-07-02,1,1,1,5.0,9.0,7.6,0.7515992795258364
1486,2008-02-26,0,0,0,3.0,7.0,9.3,0.8415143863581325
1491,2008-08-22,1,0,0,4.0,8.0,8.9,0.7842286501087479
1497,2008-12-07,1,1,0,4.0,7.0,9.0,0.777888141336091
1498,2008-10-01,1,1,1,5.0,10.0,9.7,0.9113313795472484
1526,2008-11-24,0,0,0,5.0,9.0,7.5,0.7578538887683335
1528,2008-08-20,1,0,1,5.0,10.0,9.0,0.8946206394243507
1549,2008-08-25,0,1,0,4.0,8.0,9.1,0.7978251408795372
1627,2008-05-02,0,1,0,4.0,8.0,8.6,0.772328742128366
1642,2008-04-10,1,1,0,5.0,9.0,8.6,0.8316066320377784
1649,2008-01-07,0,1,0,4.0,8.0,9.1,0.8087410755820866
1678,2008-11-02,1,0,0,5.0,10.0,9.5,0.9195813179674956
1681,2008-11-29,1,1,1,4.0,9.0,8.4,0.7771228442300389
1691,2008-08-10,0,0,0,4.0,9.0,8.9,0.8149000465314942
1729,2008-06-26,0,1,1,4.0,8.0,8.9,0.7775986097820081
1746,2008-12-29,1,0,0,5.0,9.0,8.5,0.8169806158008885
1747,2008-07-20,0,1,0,4.0,8.0,8.9,0.7937225966290182
1748,2008-03-02,0,1,0,3.0,7.0,8.9,0.7818151751119085
1762,2008-09-09,1,1,0,4.0,10.0,9.0,0.8597032916057263
1787,2008-04-30,1,0,0,4.0,7.0,9.0,0.7764852259829271
1810,2008-05-13,0,1,1,4.0,7.0,8.7,0.7596024984927012
1811,2008-09-14,0,1,0,4.0,8.0,8.5,0.7565025011943345
1816,2008-05-05,0,1,1,4.0,8.0,9.7,0.8748564862322727
1820,2008-08-16,1,0,0,5.0,9.0,8.3,0.8004178634196135
1836,2008-06-04,1,1,0,3.0,8.0,8.2,0.7632778616240787
1839,2008-06-22,1,1,0,4.0,9.0,8.8,0.8065493763664107
1883,2008-08-26,1,1,0,5.0,9.0,9.7,0.8951253664121455
1889,2008-03-20,1,1,1,5.0,10.0,9.7,0.9352024164172477
1917,2008-10-25,1,1,1,3.0,7.0,9.0,0.7800699151338544
1920,2008-10-28,0,1,1,5.0,8.0,9.2,0.8107786985106438
1930,2008-05-01,1,1,1,5.0,10.0,9.2,0.9367133531344145
1952,2008-02-29,1,1,0,2.0,7.0,8.9,0.7512110042658926
1980,2008-11-22,1,1,0,4.0,7.0,8.7,0.7517853748922082
2008,2008-10-11,0,1,0,5.0,10.0,8.8,0.8849518090904888
2018,2008-03-07,1,1,0,4.0,7.0,8.7,0.7533386337073238
2020,2008-11-27,1,0,1,4.0,9.0,9.1,0.8328880522349368
2055,2008-07-13,1,0,0,3.0,6.0,9.4,0.8415651221137239
2068,2008-05-03,1,0,0,4.0,9.0,10.0,0.9565797910105298
2101,2008-02-03,1,1,0,3.0,8.0,9.5,0.8643082545317604
2108,2008-10-02,1,0,1,3.0,7.0,8.8,0.7612533299230362
2125,2008-03-12,0,1,1,3.0,7.0,9.0,0.7908151067896715
2174,2008-03-12,0,1,0,4.0,9.0,8.3,0.778899274176736
2195,2008-06-16,1,1,0,3.0,8.0,8.2,0.7613892622679426
2205,2008-12-17,1,1,0,4.0,8.0,8.6,0.7631773721292787
2209,2008-11-01,0,0,0,4.0,9.0,8.0,0.7672095114376878
2222,2008-08-24,0,1,0,5.0,10.0,10.0,0.9724269763837216
2224,2008-08-29,0,0,0,5.0,10.0,8.9,0.8990185255983763
2248,2008-10-10,1,0,0,3.0,8.0,10.0,0.9347672052263258
2268,2008-04-26,1,1,0,3.0,8.0,9.2,0.840677008867813
2274,2008-11-14,1,1,1,3.0,7.0,8.9,0.7753174545298904
2300,2008-12-29,1,0,1,4.0,8.0,8.6,0.7603097811887789
2302,2008-11-07,1,0,1,5.0,8.0,8.8,0.7952214560732321
2323,2008-12-22,1,1,1,5.0,9.0,9.0,0.8387190406380474
2333,2008-08-22,1,1,1,3.0,9.0,9.5,0.9161046478151248
2335,2008-01-01,0,0,0,3.0,8.0,8.3,0.7654131237655931
2336,2008-04-19,1,0,0,3.0,8.0,8.7,0.7967502518168282
2345,2008-12-20,0,0,0,5.0,8.0,9.0,0.8120203218614013
2360,2008-03-02,1,1,0,4.0,8.0,10.0,0.9370277911846685
2379,2008-02-21,1,0,1,5.0,9.0,10.0,0.9327598993877385
2385,2008-05-02,0,0,0,4.0,9.0,8.2,0.7797521560236518
2391,2008-03-31,0,1,0,4.0,9.0,9.8,0.8941837751159054
2406,2008-07-01,0,1,0,4.0,9.0,9.4,0.8799578338201273
2442,2008-12-05,0,1,0,3.0,8.0,8.8,0.7891369165428128
2472,2008-05-13,0,0,0,5.0,8.0,9.0,0.8198076990630032
2474,2008-11-27,1,0,0,5.0,10.0,9.9,0.9277163973125335
2501,2008-02-24,1,0,1,5.0,9.0,9.4,0.8703499245880857
2542,2008-11-21,1,0,0,3.0,7.0,9.5,0.8575414069331531
2543,2008-06-18,1,1,0,3.0,8.0,8.5,0.7790154581321154
2548,2008-08-09,1,1,1,3.0,7.0,8.7,0.7703250117038278
2577,2008-01-26,1,0,1,5.0,9.0,9.2,0.8608014368779687
2582,2008-03-15,0,1,0,3.0,8.0,8.2,0.7688712393970492
2584,2008-04-03,1,0,0,5.0,9.0,9.5,0.9014615170157501
2641,2008-07-13,0,0,0,2.0,7.0,8.7,0.7615238300652962
2654,2008-04-18,0,1,0,4.0,8.0,9.6,0.8635654871011835
2663,2008-03-08,1,1,0,4.0,7.0,9.3,0.8178788170405784
2664,2008-06-25,1,0,0,4.0,8.0,8.4,0.7532390841867395
2695,2008-03-11,0,1,1,4.0,9.0,8.4,0.7900618428653923
2697,2008-05-29,0,1,0,5.0,10.0,9.9,0.9366069450634984
2698,2008-03-08,0,0,0,3.0,8.0,9.2,0.831621821129911
2711,2008-10-27,0,1,0,3.0,8.0,8.8,0.7930812558736549
2720,2008-12-22,1,1,1,4.0,8.0,10.0,0.9097548095557693
2724,2008-06-23,1,0,0,5.0,9.0,9.4,0.8875602291411108
2729,2008-05-08,1,0,0,4.0,8.0,8.4,0.7520139414525785
2733,2008-03-26,0,1,0,5.0,9.0,8.4,0.8155293836154044
2759,2008-03-28,0,0,0,3.0,7.0,9.6,0.8714340744803706
2773,2008-08-04,0,1,0,3.0,8.0,8.8,0.7919109819332418
2801,2008-06-05,0,1,0,4.0,8.0,8.8,0.7846338079340496
2816,2008-05-28,1,1,1,3.0,9.0,9.2,0.8657166945576911
2849,2008-12-02,0,1,0,5.0,10.0,10.0,0.9732981466098999
2851,2008-11-13,0,0,1,4.0,8.0,8.6,0.764661286281718
2857,2008-03-27,1,0,0,3.0,8.0,9.7,0.8761416409886056
2892,2008-08-11,1,1,0,3.0,8.0,8.6,0.7781779261186785
2923,2008-09-01,0,1,0,4.0,10.0,9.2,0.8959848041476228
2929,2008-12-31,1,1,0,5.0,10.0,8.8,0.9048079999529052
2994,2008-08-24,1,1,0,3.0,6.0,9.2,0.7898309630261702
3033,2008-05-08,0,1,0,5.0,9.0,7.7,0.760546924609562
3046,2008-05-05,1,0,0,4.0,10.0,9.8,0.9153449979998822
3145,2008-10-30,1,1,0,4.0,9.0,8.1,0.773005188500689
3171,2008-10-04,1,1,0,4.0,8.0,8.6,0.7565302601514277
3193,2008-03-14,1,1,0,3.0,7.0,8.7,0.7648845970994449
3200,2008-11-07,0,0,0,3.0,7.0,9.1,0.8112638130618165
3213,2008-01-09,0,1,0,4.0,8.0,9.5,0.8665421248394255
3215,2008-05-19,1,1,1,5.0,8.0,8.9,0.8011145241444166
3221,2008-03-30,0,1,0,4.0,8.0,9.3,0.8270298008814477
3233,2008-12-07,1,1,1,3.0,8.0,8.8,0.8116734451217601
3235,2008-07-01,1,0,1,3.0,7.0,10.0,0.925131643139028
3240,2008-07-23,1,0,1,4.0,8.0,9.2,0.807455317134872
3247,2008-03-02,1,1,0,4.0,8.0,8.6,0.7664626716058902
3254,2008-12-16,1,1,0,3.0,8.0,8.3,0.7598027016164149
3270,2008-02-23,0,1,0,4.0,9.0,8.2,0.769081321111931
3296,2008-11-18,1,1,0,4.0,8.0,8.6,0.7567832076097767
3316,2008-04-01,1,1,0,5.0,10.0,8.9,0.9043425062791409
3347,2008-01-31,1,0,0,3.0,7.0,9.5,0.8584058621463322
3353,2008-12-11,0,1,0,4.0,8.0,8.6,0.7800469330044082
3359,2008-09-22,0,0,0,4.0,8.0,9.1,0.8156103711469127
3361,2008-04-03,1,1,0,4.0,9.0,8.6,0.807515030549617
3392,2008-01-17,1,1,0,5.0,9.0,7.5,0.7502593787915673
3407,2008-12-01,1,1,1,3.0,7.0,8.7,0.7675816979129135
3431,2008-07-17,1,0,0,3.0,7.0,10.0,0.9301364143348552
3494,2008-12-20,1,0,0,3.0,7.0,9.4,0.8549621565719291
3509,2008-08-23,1,0,1,4.0,8.0,10.0,0.926050342553663
3510,2008-02-24,1,1,0,5.0,9.0,9.6,0.879601472295684
3535,2008-09-09,0,0,0,4.0,8.0,9.3,0.846215744609792
3539,2008-05-25,0,0,0,4.0,8.0,8.4,0.7526637892434176
3544,2008-02-23,0,1,0,5.0,9.0,8.5,0.8150723472036985
3559,2008-05-03,0,1,0,4.0,8.0,8.6,0.7662228612190252
3561,2008-08-29,1,1,0,4.0,9.0,8.1,0.7636599159588702
3563,2008-09-28,1,1,1,4.0,8.0,9.3,0.8083346055102406
3565,2008-06-11,0,1,0,4.0,9.0,8.4,0.7790008563612936
3573,2008-10-02,1,1,0,4.0,9.0,8.5,0.7863905985893791
3576,2008-09-12,1,1,0,5.0,10.0,9.8,0.918923676131771
3586,2008-02-13,0,1,1,5.0,9.0,8.8,0.8204080966197003
3616,2008-03-18,1,0,0,3.0,6.0,10.0,0.9003292517536066
3617,2008-05-23,1,1,0,4.0,9.0,8.5,0.7874234278737593
3626,2008-10-12,0,0,0,3.0,8.0,8.3,0.7640234144799227
3642,2008-03-18,0,1,0,3.0,7.0,9.6,0.8512522699962428
3655,2008-01-10,0,1,0,5.0,10.0,7.7,0.7683053470692509
3662,2008-04-07,1,0,1,5.0,10.0,9.4,0.9149924372837649
3663,2008-11-13,1,1,0,3.0,7.0,9.2,0.8101109757458393
3673,2008-04-15,1,1,0,5.0,9.0,9.1,0.8517499017126096
3690,2008-04-12,1,1,0,5.0,10.0,9.4,0.9214096877505795
3699,2008-08-18,0,1,0,3.0,8.0,9.9,0.9033170686344774
3700,2008-10-05,0,1,1,3.0,6.0,9.6,0.8365496948694471
3705,2008-04-16,0,1,0,3.0,8.0,8.0,0.7558603296990295
3725,2008-11-11,1,0,0,4.0,9.0,9.9,0.9088108935273573
3751,2008-07-07,0,0,0,4.0,8.0,8.5,0.7697941411811992
3752,2008-09-08,1,1,0,4.0,9.0,9.5,0.8717960240374429
3755,2008-09-24,0,0,0,3.0,8.0,8.2,0.7601604096342839
3782,2008-11-08,1,0,0,4.0,8.0,8.4,0.7508245297107516
3826,2008-08-21,1,1,1,5.0,10.0,9.6,0.9113016956492961
3852,2008-03-10,0,1,0,5.0,9.0,9.8,0.9012529427230145
3864,2008-10-15,0,1,0,4.0,8.0,9.8,0.8699334889371764
3881,2008-04-29,1,1,0,5.0,8.0,8.5,0.794948138384499
3882,2008-08-22,0,1,0,3.0,6.0,9.0,0.7601627679467797
3907,2008-10-20,1,0,1,4.0,8.0,10.0,0.924408125846657
3940,2008-07-22,1,0,0,4.0,8.0,9.3,0.838645279298218
3981,2008-01-31,1,1,1,4.0,9.0,8.5,0.7747271371305522
3982,2008-11-02,0,1,1,4.0,9.0,8.4,0.7851484611575217
3990,2008-09-15,1,0,0,4.0,8.0,8.6,0.7718333338251304
3997,2008-08-07,1,1,0,4.0,9.0,8.1,0.7591783354614066
4003,2008-09-14,0,0,0,4.0,8.0,8.9,0.790068819485154
4078,2008-07-11,0,1,0,5.0,10.0,10.0,0.9844740522019709
4079,2008-10-24,1,1,1,4.0,7.0,8.9,0.758217164090466
4093,2008-05-08,1,1,0,3.0,7.0,8.6,0.7529411662642732
4102,2008-02-06,1,0,0,4.0,10.0,10.0,0.9793397925419447
4137,2008-02-28,0,1,0,3.0,8.0,9.0,0.817860839340937
4144,2008-12-09,1,1,0,4.0,9.0,8.3,0.7660680195996281
4159,2008-04-21,0,0,1,3.0,8.0,10.0,0.9414832701351785
4161,2008-11-07,0,0,0,3.0,6.0,9.0,0.7623199075564389
4181,2008-03-12,0,1,1,4.0,9.0,9.1,0.833203510370706
4186,2008-11-26,0,0,0,5.0,10.0,9.4,0.9333015087862206
4208,2008-02-15,1,0,1,4.0,9.0,8.1,0.7537604344976326
4213,2008-01-20,1,0,0,4.0,8.0,9.2,0.8284975265772834
4222,2008-02-07,1,0,0,3.0,6.0,9.1,0.7922371684295263
4238,2008-08-08,1,1,0,3.0,8.0,9.0,0.8048447537990815
4241,2008-03-25,1,0,0,5.0,8.0,8.3,0.7699501760981222
4254,2008-09-26,1,0,0,4.0,8.0,9.9,0.8894497652268101
4260,2008-11-20,1,1,0,4.0,8.0,10.0,0.9400242259155754
4275,2008-07-04,1,1,1,5.0,9.0,8.5,0.8112265831812852
4301,2008-08-17,1,1,0,4.0,9.0,9.7,0.8951134390156004
4322,2008-03-10,1,1,0,3.0,8.0,8.7,0.8019976735164187
4333,2008-08-28,0,0,0,4.0,8.0,8.8,0.7830659948828433
4342,2008-04-07,1,1,0,5.0,9.0,8.1,0.7864191512559416
4344,2008-12-15,1,1,0,5.0,10.0,10.0,0.9786470635767078
4379,2008-07-11,1,1,1,3.0,8.0,9.8,0.9079398193238571
4385,2008-06-27,1,1,0,3.0,7.0,8.7,0.7620249852095753
4401,2008-10-28,1,0,0,5.0,9.0,8.7,0.8431332384960484
4418,2008-05-23,1,0,0,3.0,6.0,9.0,0.7702176396855465
4437,2008-01-27,1,1,0,5.0,9.0,9.4,0.8760526296233777
4443,2008-09-16,0,1,0,3.0,7.0,9.2,0.8068893854829675
4447,2008-04-14,0,0,0,5.0,8.0,8.2,0.7827887512225891
4454,2008-04-09,1,1,1,4.0,8.0,9.2,0.8059257215644376
4484,2008-02-26,0,1,1,4.0,9.0,8.5,0.7783002332173692
4487,2008-08-22,0,1,0,3.0,7.0,10.0,0.9284718429075367
4512,2008-04-06,1,1,1,5.0,9.0,8.6,0.8251616886794946
4513,2008-05-08,1,1,1,5.0,10.0,8.8,0.8926624399758394
4523,2008-03-27,1,0,0,3.0,8.0,9.3,0.8539663084761169
4525,2008-01-17,1,0,0,3.0,7.0,8.8,0.7624487750019422
4526,2008-11-21,1,1,0,4.0,8.0,9.3,0.8314040098495177
4535,2008-07-08,0,0,0,4.0,9.0,9.9,0.9177386749493452
4539,2008-03-04,1,1,0,3.0,6.0,9.2,0.7864227452837771
4547,2008-02-13,0,0,1,4.0,10.0,8.6,0.8069765226562737
4557,2008-12-13,1,0,0,4.0,8.0,9.1,0.8139480322760183
4580,2008-04-29,0,1,1,4.0,9.0,10.0,0.9276177404161452
4583,2008-06-14,0,1,0,3.0,7.0,8.6,0.7581625831137202
4605,2008-01-30,1,1,0,5.0,8.0,9.9,0.8731113917595488
4645,2008-04-08,1,0,0,5.0,10.0,8.9,0.9018505892887538
4657,2008-07-05,0,0,0,5.0,10.0,8.8,0.8905736995745464
4680,2008-06-19,1,1,0,4.0,10.0,10.0,0.9776386553879857
4706,2008-11-21,0,1,0,4.0,7.0,8.7,0.7623133767319533
4707,2008-03-25,0,1,0,3.0,7.0,8.8,0.7665694252615773
4714,2008-08-27,0,1,1,4.0,8.0,8.5,0.7582951891666934
4718,2008-10-30,1,1,0,3.0,8.0,9.8,0.9084965199074757
4723,2008-11-23,0,1,1,3.0,7.0,9.4,0.8438646893638246
4763,2008-01-14,0,1,1,5.0,10.0,8.8,0.8968245999873936
4780,2008-03-11,1,1,0,4.0,9.0,9.6,0.8680219309747581
4806,2008-06-08,0,0,1,5.0,10.0,8.1,0.8036867087883064
4831,2008-11-26,0,1,1,4.0,8.0,8.4,0.7596963731506736
4845,2008-06-08,1,1,1,3.0,8.0,8.8,0.8004262926963542
4866,2008-02-10,0,0,0,5.0,9.0,8.1,0.7910675626772483
4873,2008-06-05,0,0,0,3.0,8.0,8.6,0.7860895261889331
4880,2008-03-23,1,0,0,4.0,8.0,8.9,0.7808127919320067
4896,2008-08-12,0,1,1,3.0,8.0,7.9,0.7664926872288172
4911,2008-01-10,0,0,0,4.0,8.0,8.6,0.7655341262379587
4915,2008-08-09,0,1,1,5.0,9.0,9.1,0.8505325120924643
4936,2008-07-29,0,1,0,5.0,9.0,10.0,0.9525759597175152
4960,2008-01-01,1,0,1,4.0,9.0,8.5,0.7744477227628639
4967,2008-12-14,1,1,0,5.0,9.0,9.5,0.8859043621943314
4978,2008-11-08,0,0,0,4.0,9.0,8.2,0.7705852024380544
4991,2008-10-04,0,0,0,3.0,7.0,8.7,0.7711642236602969
4996,2008-08-16,0,1,0,3.0,8.0,8.0,0.7635658470934128
5048,2008-11-15,0,1,0,4.0,8.0,9.1,0.8144303496146577
5052,2008-07-03,1,1,0,5.0,9.0,8.6,0.8180754047876277
5059,2008-10-10,1,1,0,4.0,9.0,9.1,0.830815566908454
5060,2008-12-01,1,1,1,5.0,9.0,9.6,0.8686514448016855
5077,2008-06-14,1,1,1,5.0,9.0,9.1,0.8616506318901358
5093,2008-12-15,1,0,1,5.0,10.0,9.7,0.9088460398650244
5106,2008-06-17,1,1,0,4.0,10.0,9.2,0.91602552186802
5134,2008-05-03,1,1,0,5.0,10.0,9.9,0.9349618705156346
5161,2008-01-21,1,1,1,5.0,10.0,10.0,0.9592369978645937
5170,2008-01-13,1,1,0,4.0,7.0,9.0,0.7763641553109775
5171,2008-12-30,0,1,0,4.0,7.0,8.8,0.7526637422561202
5188,2008-01-05,1,0,0,3.0,6.0,9.1,0.791581099425799
5220,2008-12-04,0,0,0,3.0,8.0,9.4,0.8748568723279684
5272,2008-08-04,0,1,1,3.0,6.0,10.0,0.8851866537439392
5278,2008-06-23,0,0,1,3.0,7.0,10.0,0.9343845291119526
5288,2008-02-15,1,0,0,4.0,9.0,10.0,0.9507477126106072
5321,2008-10-22,1,1,1,4.0,7.0,9.0,0.7653832140684348
5324,2008-11-08,1,1,0,4.0,8.0,9.0,0.8016445046303988
5332,2008-06-11,0,1,0,4.0,8.0,9.7,0.85812472608871
5370,2008-04-24,1,0,0,4.0,8.0,10.0,0.9361509435696269
5383,2008-08-07,0,0,0,4.0,8.0,9.3,0.8438888628961494
5393,2008-08-22,0,0,0,5.0,8.0,9.7,0.8607486404672248
5396,2008-12-08,0,1,0,2.0,7.0,8.7,0.7574545403369135
5419,2008-07-25,1,0,0,5.0,10.0,10.0,0.9499657410246558
5435,2008-07-27,1,1,0,4.0,9.0,9.2,0.823161517008004
5458,2008-05-22,1,1,0,4.0,7.0,8.9,0.7613455258125774
5461,2008-06-28,0,1,0,4.0,8.0,10.0,0.9553362006917032
5468,2008-02-25,1,1,1,3.0,8.0,9.6,0.8683776342220046
5516,2008-06-26,0,0,0,5.0,10.0,9.4,0.9282627689851624
5521,2008-02-09,1,1,0,4.0,7.0,8.7,0.7514187779401165
5526,2008-09-19,1,1,0,4.0,8.0,8.7,0.7775190584472881
5552,2008-05-10,1,0,1,3.0,7.0,9.2,0.8135199256193211
5593,2008-02-23,1,1,0,5.0,8.0,9.8,0.8549043896290683
5600,2008-05-16,0,1,0,4.0,7.0,9.3,0.8328649139743076
5601,2008-01-23,0,0,0,3.0,8.0,9.3,0.853909026333288
5614,2008-11-20,1,1,0,3.0,8.0,8.2,0.7630360485896543
5678,2008-02-18,0,1,0,4.0,8.0,8.9,0.7697850670104787
5708,2008-11-03,1,1,0,4.0,8.0,8.6,0.760376430342745
5721,2008-05-15,1,1,0,4.0,7.0,8.9,0.7639165559150448
5738,2008-05-18,1,0,0,4.0,8.0,8.4,0.7547501186799244
5753,2008-11-12,1,0,1,5.0,9.0,8.1,0.7871506458068505
5758,2008-12-27,1,1,0,3.0,7.0,9.9,0.8808364001482913
5772,2008-04-11,0,0,0,4.0,8.0,8.4,0.761118066253478
5781,2008-05-14,1,1,1,3.0,7.0,9.4,0.8346932827459256
5787,2008-05-15,1,1,1,5.0,10.0,9.4,0.9256241530897276
5792,2008-06-21,1,1,0,4.0,9.0,9.3,0.8426413568777391
5794,2008-06-05,0,1,0,3.0,8.0,8.4,0.7841297633689546
5797,2008-09-05,0,0,0,4.0,9.0,8.5,0.7977638708931593
5807,2008-01-27,1,1,0,3.0,7.0,9.0,0.7839633192396659
5810,2008-10-17,1,1,0,5.0,10.0,7.7,0.7665151022294632
5823,2008-12-10,1,1,0,3.0,7.0,8.8,0.7777032616103776
5832,2008-01-08,1,1,0,4.0,8.0,9.3,0.8320139340467503
5840,2008-06-10,0,0,0,3.0,7.0,9.8,0.9156380997899101
5844,2008-03-20,1,1,0,4.0,9.0,8.6,0.8155294573031107
5852,2008-07-19,1,1,0,4.0,9.0,7.9,0.7504568874652342
5863,2008-03-01,1,0,0,5.0,10.0,9.7,0.9297443840906299
5891,2008-10-28,0,1,1,5.0,9.0,7.9,0.7686824433150938
5939,2008-05-17,1,1,0,3.0,8.0,8.4,0.7842558040067804
5957,2008-11-20,1,1,0,4.0,8.0,9.3,0.8476770447228564
5958,2008-09-07,0,0,0,2.0,7.0,9.0,0.7877904994013141
5966,2008-07-10,0,1,0,5.0,9.0,10.0,0.9527652007830285
5986,2008-10-26,1,1,0,4.0,8.0,8.9,0.7735988637181936
6019,2008-09-18,1,0,1,4.0,8.0,8.6,0.7550270517607548
6029,2008-05-14,0,1,0,3.0,7.0,9.1,0.790589250148323
6035,2008-05-24,0,0,0,3.0,7.0,8.7,0.7678352125097074
6039,2008-12-29,1,1,0,5.0,10.0,9.7,0.9217937872896462
6042,2008-05-30,1,1,1,4.0,8.0,9.1,0.8043773709466279
6074,2008-10-04,0,1,1,3.0,8.0,8.5,0.795646446176052
6087,2008-09-23,1,1,0,4.0,8.0,8.7,0.7723150805298223
6094,2008-05-12,0,0,0,3.0,8.0,9.0,0.8100296846318895
6096,2008-07-22,1,1,1,5.0,10.0,9.9,0.9407415038695198
6097,2008-05-24,0,1,0,4.0,7.0,9.3,0.8270356102216464
6125,2008-09-26,0,1,0,4.0,8.0,8.8,0.7737357091676256
6130,2008-12-22,0,0,0,4.0,8.0,9.6,0.8712293845428949
6138,2008-09-25,0,0,1,4.0,8.0,8.7,0.7856633042847251
6157,2008-03-10,1,1,1,4.0,8.0,8.5,0.7550225551770433
6169,2008-02-18,1,0,1,4.0,9.0,8.5,0.7895953407731615
6171,2008-01-24,0,0,0,4.0,10.0,9.0,0.8843221545409133
6185,2008-06-13,1,0,1,4.0,8.0,8.6,0.7558519404712232
6189,2008-12-17,1,1,0,3.0,7.0,9.4,0.83776575129733
6200,2008-03-19,1,1,0,3.0,7.0,9.4,0.8389238541047745
6206,2008-04-14,0,1,1,3.0,7.0,8.7,0.7674726221591313
6224,2008-12-10,1,1,0,5.0,9.0,10.0,0.9663242180808161
6227,2008-04-26,0,1,0,4.0,9.0,8.4,0.7894834914203223
6235,2008-06-12,1,1,0,3.0,7.0,9.1,0.7977009791990124
6278,2008-07-19,0,1,1,4.0,9.0,8.5,0.7857249477970132
6312,2008-06-11,1,0,0,4.0,9.0,8.4,0.7885673100304271
6351,2008-09-08,0,0,0,4.0,8.0,9.6,0.8745714566557159
6389,2008-07-25,0,1,0,4.0,7.0,8.8,0.7584695399420155
6391,2008-09-07,0,0,0,3.0,8.0,9.5,0.8910684188923423
6426,2008-01-25,1,1,0,5.0,10.0,10.0,0.9732485550971887
6435,2008-02-15,0,0,0,3.0,7.0,8.8,0.7668966092639595
6451,2008-03-09,1,1,0,5.0,9.0,8.9,0.8419262152431878
6459,2008-03-25,1,1,0,4.0,8.0,8.8,0.7722634241601309
6464,2008-11-24,0,0,0,4.0,9.0,9.3,0.8638478701051964
6468,2008-11-21,0,1,0,5.0,10.0,10.0,0.9748975092604178
6477,2008-01-27,1,1,0,5.0,10.0,7.6,0.7640640587584844
6480,2008-04-30,1,1,0,5.0,9.0,9.1,0.8512680061892463
6531,2008-04-20,1,1,0,3.0,8.0,9.0,0.8041661529086729
6557,2008-04-04,1,0,0,4.0,9.0,8.9,0.8084227081811697
6564,2008-04-07,0,1,0,3.0,7.0,8.8,0.7677412528871228
6649,2008-05-25,0,1,0,3.0,8.0,8.7,0.8047605982637629
6663,2008-01-12,0,1,1,3.0,7.0,9.1,0.7996296673616257
6687,2008-05-05,0,0,0,3.0,8.0,8.6,0.7900025339181898
6706,2008-04-01,1,1,0,4.0,8.0,10.0,0.9323258890461045
6719,2008-06-28,0,1,0,4.0,9.0,8.3,0.7854126236450166
6731,2008-07-18,1,0,1,4.0,9.0,8.9,0.802019271159584
6763,2008-03-22,1,1,1,4.0,9.0,10.0,0.9342692885627983
6770,2008-05-05,0,1,0,2.0,6.0,9.1,0.7723109367020455
6811,2008-08-11,1,0,0,4.0,8.0,8.6,0.7599433747174217
6822,2008-12-23,1,0,0,5.0,10.0,8.8,0.9158531077253256
6840,2008-09-12,1,0,0,4.0,8.0,9.2,0.8211737296422938
6842,2008-10-16,0,0,1,3.0,7.0,9.4,0.8586403854741658
6850,2008-02-19,0,1,1,5.0,10.0,8.8,0.8805608329854244
6882,2008-05-05,0,0,0,5.0,10.0,8.7,0.8543703384336407
6885,2008-08-24,1,0,0,4.0,9.0,8.5,0.7878851263464763
6925,2008-06-17,1,1,1,4.0,8.0,9.1,0.815250482642228
6928,2008-03-05,1,0,1,5.0,8.0,8.1,0.7626624738093224
6949,2008-03-06,0,1,0,4.0,9.0,9.6,0.9142887013961539
6955,2008-02-19,0,1,0,4.0,8.0,8.6,0.7594499645142909
6982,2008-11-09,1,1,0,5.0,9.0,8.4,0.8148025677984202
7022,2008-06-26,1,1,0,4.0,9.0,8.4,0.7805589126650343
7023,2008-11-25,1,0,1,4.0,8.0,9.1,0.8163602619803734
7024,2008-02-11,1,1,0,5.0,10.0,9.6,0.9035111912700446
7033,2008-02-29,1,1,0,5.0,10.0,9.4,0.930169283048133
7038,2008-12-17,1,0,0,3.0,7.0,9.1,0.8088303886124271
7039,2008-05-16,1,1,1,4.0,7.0,8.7,0.7507357627224158
7043,2008-12-08,1,1,1,2.0,6.0,9.1,0.7794921984931098
7049,2008-11-18,1,0,0,4.0,9.0,8.6,0.797383559120246
7098,2008-02-12,1,0,0,4.0,9.0,8.2,0.7735296100330344
7102,2008-08-15,1,1,1,5.0,10.0,10.0,0.9542556164108301
7111,2008-12-01,1,1,1,3.0,6.0,10.0,0.8820111841875703
7114,2008-05-24,1,1,1,4.0,9.0,9.9,0.8953839461010239
7117,2008-02-22,0,0,0,4.0,8.0,8.6,0.7702079276771032
7119,2008-12-15,0,1,0,3.0,7.0,9.2,0.7950977280857137
7128,2008-09-17,0,0,0,4.0,8.0,8.4,0.7706035960506746
7144,2008-02-27,0,1,0,3.0,8.0,8.5,0.7815015602532681
7191,2008-02-07,0,1,0,3.0,8.0,8.6,0.7877363576036724
7192,2008-12-11,1,0,1,3.0,7.0,9.3,0.8449014128989657
7193,2008-03-29,1,1,1,3.0,8.0,7.9,0.7612379875940646
7214,2008-11-18,1,0,0,5.0,10.0,7.5,0.7602460080860329
7215,2008-03-01,1,1,1,5.0,9.0,9.3,0.8843917032369277
7225,2008-10-09,1,1,1,3.0,7.0,9.3,0.8211932624893865
7248,2008-03-11,1,0,0,5.0,8.0,8.7,0.8129898555633139
7292,2008-02-15,0,0,0,4.0,9.0,8.3,0.7726150480091931
7322,2008-10-21,0,1,0,3.0,7.0,9.3,0.8277797814499195
7339,2008-01-19,1,1,0,4.0,9.0,8.3,0.7653103232855553
7383,2008-07-09,1,1,0,4.0,9.0,10.0,0.9499532359396821
7386,2008-03-11,0,0,0,4.0,8.0,8.2,0.7541026349094803
7393,2008-02-13,1,0,1,3.0,8.0,9.5,0.877091118766258
7394,2008-10-31,0,1,0,3.0,8.0,9.2,0.8188315069477821
7396,2008-02-15,1,1,1,3.0,7.0,8.7,0.7704764182623964
7435,2008-03-29,1,1,0,4.0,8.0,8.4,0.7510049403443415
7467,2008-07-17,1,1,0,4.0,9.0,8.3,0.7676800213816455
7478,2008-01-05,0,0,0,4.0,9.0,9.4,0.8841753856195528
7490,2008-07-16,1,0,0,3.0,6.0,9.5,0.8540770593620842
7508,2008-04-01,0,1,0,3.0,7.0,8.6,0.7501266023522215
7516,2008-06-12,1,1,0,5.0,10.0,10.0,0.9680006334050287
7520,2008-07-25,1,0,0,4.0,7.0,9.1,0.794020193746211
7525,2008-01-19,0,1,1,5.0,9.0,9.0,0.8410885317304635
7534,2008-10-08,0,1,0,3.0,7.0,9.9,0.9167790924608892
7540,2008-12-25,0,1,1,4.0,8.0,8.8,0.7880424662090495
7607,2008-11-30,0,0,1,3.0,6.0,9.0,0.7605929520933425
7661,2008-10-24,0,1,0,5.0,10.0,9.1,0.9046918002790392
7664,2008-09-04,0,0,1,5.0,9.0,8.6,0.8225009448799396
7680,2008-06-25,1,0,0,3.0,7.0,8.7,0.7658841914402331
7704,2008-01-06,1,1,0,4.0,8.0,9.4,0.8526923610509908
7717,2008-05-25,0,0,0,4.0,7.0,8.9,0.7605034737664229
7768,2008-01-15,1,1,0,3.0,8.0,8.0,0.7655843537109468
7775,2008-06-25,0,0,0,3.0,8.0,8.3,0.7699403615252768
7778,2008-10-20,1,1,0,3.0,7.0,10.0,0.9110624201330692
7789,2008-03-16,1,1,1,5.0,10.0,10.0,0.9604136930487213
7828,2008-03-07,0,1,1,4.0,9.0,9.9,0.9322548235621079
7850,2008-10-31,1,0,0,5.0,8.0,7.9,0.7516362080062846
7855,2008-11-09,1,1,0,5.0,8.0,9.7,0.8497262586450861
7861,2008-08-29,1,0,1,3.0,8.0,8.4,0.7889271669919382
7887,2008-11-25,1,0,0,5.0,10.0,9.6,0.9021369707786622
7904,2008-11-02,1,1,1,4.0,7.0,9.5,0.8483223241675921
7908,2008-09-25,0,1,1,4.0,7.0,9.0,0.769576084396929
7910,2008-01-25,1,0,0,3.0,9.0,9.9,0.9392704384246937
7921,2008-07-11,1,1,1,4.0,9.0,8.2,0.769746277120988
7956,2008-10-06,1,1,0,4.0,8.0,8.4,0.7514855837691682
7959,2008-10-22,1,0,0,3.0,7.0,8.9,0.7688924544898523
7992,2008-01-12,1,1,1,5.0,9.0,10.0,0.9292000004060288
8015,2008-09-26,0,0,0,4.0,9.0,8.3,0.7698898850555425
8021,2008-06-28,0,0,0,5.0,10.0,7.8,0.7910476380517394
8044,2008-06-13,1,1,0,4.0,9.0,9.7,0.8852226362054892
8065,2008-12-18,0,1,0,4.0,8.0,9.3,0.8364321237581316
8099,2008-02-05,0,0,0,5.0,8.0,7.9,0.753845792242555
8145,2008-11-25,0,1,0,4.0,9.0,9.2,0.8340099608458356
8153,2008-11-14,1,1,0,4.0,9.0,8.9,0.8190939037660461
8184,2008-06-10,1,1,0,5.0,9.0,8.7,0.8580850261239533
8203,2008-11-07,0,1,1,4.0,8.0,8.4,0.7631543731446695
8206,2008-04-15,1,0,1,3.0,7.0,9.5,0.8605996910583524
8242,2008-01-20,0,1,1,4.0,8.0,8.8,0.7883227701849498
8249,2008-09-25,0,0,0,4.0,7.0,8.8,0.7556214533116308
8255,2008-05-31,0,0,0,4.0,8.0,8.9,0.7859344676876807
8274,2008-11-22,1,1,0,4.0,9.0,8.1,0.7591856283296207
8290,2008-04-01,1,1,1,5.0,10.0,8.5,0.8269376364714669
8293,2008-05-21,0,0,0,4.0,7.0,8.7,0.7527150882156568
8300,2008-02-10,1,1,0,3.0,6.0,9.2,0.7819468599251789
8303,2008-09-05,0,1,0,4.0,8.0,9.8,0.8940968057804806
8313,2008-06-19,0,1,0,5.0,9.0,9.3,0.8718888156677275
8344,2008-10-13,1,0,1,5.0,10.0,8.8,0.8962607974707983
8351,2008-12-26,1,1,0,4.0,8.0,8.5,0.7501672725784698
8369,2008-08-10,1,1,0,4.0,8.0,9.6,0.8445291949459719
8379,2008-04-21,0,1,0,4.0,10.0,9.6,0.9218440027382653
8388,2008-01-16,1,1,0,4.0,9.0,9.0,0.811044882133622
8420,2008-11-20,0,0,1,3.0,7.0,8.9,0.7795704456195534
8437,2008-11-16,1,1,0,5.0,10.0,10.0,0.9614609316610875
8440,2008-01-10,1,1,1,3.0,6.0,9.3,0.8104414304588881
8460,2008-01-12,0,0,0,4.0,9.0,8.8,0.7981864690255067
8468,2008-09-03,1,0,0,3.0,6.0,9.5,0.8475181358244781
8472,2008-10-04,0,0,0,4.0,8.0,8.4,0.7680016131088158
8483,2008-04-16,1,1,1,3.0,8.0,8.6,0.7896524901388915
8494,2008-02-17,0,1,0,5.0,10.0,9.3,0.9234330887097746
8501,2008-03-05,0,0,0,4.0,7.0,8.7,0.7648097827995233
8502,2008-07-08,1,1,0,3.0,7.0,8.7,0.7619086587589378
8504,2008-09-17,1,1,0,3.0,6.0,9.5,0.8350950765907446
8518,2008-02-26,0,1,0,5.0,9.0,8.7,0.836571700132353
8559,2008-05-18,0,0,0,3.0,8.0,8.9,0.8038297983614421
8562,2008-12-26,1,1,0,4.0,8.0,8.7,0.774545611997252
8564,2008-02-25,0,0,1,4.0,8.0,9.3,0.8448774919204839
8573,2008-03-23,0,0,0,4.0,9.0,8.0,0.7626281787336568
8619,2008-04-13,0,1,1,4.0,7.0,9.9,0.8583678218179703
8625,2008-09-29,1,1,1,3.0,7.0,9.2,0.8027257356197299
8645,2008-09-30,1,0,0,4.0,8.0,9.7,0.8817822493657327
8665,2008-01-31,1,1,0,5.0,10.0,9.5,0.9045268441322025
8688,2008-09-27,1,1,0,3.0,8.0,9.6,0.8762686181146644
8703,2008-04-03,1,1,0,4.0,7.0,9.1,0.7996668048256402
8722,2008-10-12,1,1,0,4.0,9.0,8.6,0.8131626237860327
8769,2008-09-07,1,1,1,4.0,8.0,8.8,0.7784393544884967
8826,2008-03-07,1,1,0,4.0,9.0,9.5,0.9116125025867886
8852,2008-11-14,1,0,1,5.0,10.0,9.2,0.9222041574229174
8870,2008-06-10,1,1,1,4.0,9.0,9.6,0.8987767659213918
8900,2008-01-09,1,1,1,4.0,7.0,9.5,0.8373144548955409
8902,2008-01-01,1,1,1,3.0,7.0,8.9,0.778051890952006
8923,2008-03-22,1,0,0,3.0,8.0,8.2,0.7547164289493747
8940,2008-11-04,1,0,0,3.0,8.0,9.6,0.8741069368899472
8960,2008-05-17,1,1,1,3.0,7.0,9.2,0.8096513763855855
8966,2008-01-27,1,0,0,3.0,7.0,9.2,0.8147841718454161
8987,2008-02-29,1,1,1,4.0,8.0,9.5,0.8527607221926263
8995,2008-11-02,0,0,0,3.0,7.0,8.8,0.7760653860236424
9016,2008-04-13,0,1,0,5.0,8.0,8.1,0.7697872683576112
9026,2008-05-04,0,1,0,3.0,8.0,8.9,0.8005774912793242
9027,2008-02-10,1,0,0,3.0,8.0,9.3,0.8456438897678666
9029,2008-12-10,0,1,0,3.0,7.0,8.6,0.7600389033173895
9067,2008-01-17,1,0,0,3.0,8.0,8.7,0.7905551279084775
9069,2008-02-29,1,1,1,5.0,8.0,8.0,0.7639676787305556
9076,2008-09-27,1,1,0,5.0,10.0,9.8,0.9277552152492701
9099,2008-03-12,1,1,0,3.0,7.0,8.9,0.7849800141376043
9118,2008-05-22,1,0,0,3.0,8.0,9.0,0.8120101280723986
9123,2008-04-29,1,0,0,4.0,7.0,8.8,0.7525969593126556
9127,2008-07-26,0,1,0,3.0,8.0,8.2,0.7759609382118231
9129,2008-01-19,0,1,0,4.0,7.0,9.1,0.7946688876036396
9132,2008-10-29,1,0,0,4.0,8.0,9.5,0.8649943590948517
9162,2008-08-30,0,1,0,4.0,7.0,8.9,0.7658359802217785
9163,2008-11-29,1,1,1,4.0,9.0,9.2,0.8223717865688885
9197,2008-07-06,1,1,0,3.0,7.0,9.2,0.813133168062898
9213,2008-12-24,0,0,0,5.0,10.0,9.6,0.9155422735004142
9221,2008-06-25,0,0,0,5.0,9.0,8.3,0.8027269458481829
9223,2008-08-03,0,1,0,4.0,10.0,9.4,0.9228946551214289
9229,2008-09-29,1,0,1,4.0,8.0,8.6,0.7628965691687357
9232,2008-10-19,1,1,1,4.0,9.0,8.4,0.7794265288321045
9242,2008-05-29,1,0,1,5.0,9.0,10.0,0.9288009911394615
9244,2008-03-31,0,0,1,4.0,8.0,8.5,0.7546639686585407
9249,2008-06-14,1,1,0,4.0,8.0,8.6,0.7669155455869652
9267,2008-11-20,0,1,0,5.0,9.0,9.4,0.907320400033812
9305,2008-04-27,1,1,1,4.0,8.0,8.9,0.7902021626187372
9306,2008-06-30,0,1,1,4.0,9.0,10.0,0.9501530279219963
9348,2008-12-21,0,0,0,5.0,10.0,9.3,0.9171515153877619
9359,2008-04-13,1,1,0,4.0,9.0,9.0,0.8202053351678549
9372,2008-12-08,0,1,0,4.0,9.0,8.0,0.7631223335160802
9390,2008-04-28,0,0,0,3.0,7.0,8.7,0.7655577530281819
9410,2008-01-16,1,0,0,5.0,8.0,8.8,0.8036466398602826
9417,2008-12-07,1,1,0,4.0,8.0,8.4,0.7566354852929585
9431,2008-01-27,0,1,0,4.0,8.0,8.4,0.7526378969713536
9468,2008-07-01,1,0,1,3.0,7.0,10.0,0.925131643139028
9469,2008-10-30,1,1,0,4.0,9.0,9.4,0.8999501813365937
9479,2008-10-28,0,0,1,3.0,7.0,8.8,0.766424003587957
9482,2008-06-11,1,1,1,4.0,8.0,9.1,0.8039895540601558
9511,2008-08-06,0,0,0,5.0,10.0,8.3,0.8157454493435209
9513,2008-07-06,0,1,0,5.0,10.0,9.2,0.9119294317638027
9515,2008-04-12,0,1,1,5.0,10.0,9.9,0.9301513108739752
9549,2008-01-12,0,1,0,4.0,9.0,8.5,0.7794348443132966
9555,2008-01-06,0,1,0,4.0,8.0,9.2,0.8152291403315179
9571,2008-08-31,0,0,0,3.0,7.0,9.2,0.8137537712536898
9637,2008-04-20,0,1,0,4.0,7.0,8.7,0.7513363363352588
9648,2008-06-26,1,0,0,4.0,8.0,10.0,0.9350695406888658
9654,2008-11-17,1,0,1,3.0,8.0,8.3,0.7637225151750271
9666,2008-03-03,1,0,0,4.0,8.0,9.7,0.867665879535013
9680,2008-03-20,0,1,0,3.0,7.0,10.0,0.9529681252200402
9712,2008-01-23,0,1,0,4.0,9.0,10.0,0.9475653474685739
9738,2008-09-30,1,0,0,5.0,10.0,8.8,0.899575471463786
9745,2008-10-22,0,1,0,3.0,7.0,8.7,0.7678695364025494
9760,2008-12-11,1,0,0,3.0,7.0,8.8,0.7701595972101406
9803,2008-11-05,0,1,0,5.0,8.0,9.7,0.8635539436361819
9825,2008-11-26,0,1,0,5.0,10.0,10.0,0.971556767588586
9838,2008-03-06,1,0,0,5.0,9.0,9.3,0.8955836405645496
9863,2008-09-02,1,1,0,5.0,10.0,9.7,0.9238910457789395
9867,2008-10-15,1,1,0,2.0,6.0,9.1,0.7739336134623513
9877,2008-06-03,1,1,0,5.0,9.0,9.7,0.8924829448570707
9888,2008-07-24,0,1,0,4.0,8.0,9.0,0.7880353377748089
9918,2008-04-03,1,1,0,4.0,8.0,8.7,0.7854963266770716
9958,2008-09-17,1,0,0,5.0,10.0,9.4,0.9135258884418991
9961,2008-10-08,1,1,1,4.0,9.0,8.7,0.805256925392038
10002,2008-09-19,0,1,0,5.0,8.0,8.5,0.7959908382413303
10013,2008-11-03,0,1,0,4.0,8.0,9.1,0.8018980522129292
10048,2008-11-14,0,0,0,5.0,10.0,7.8,0.780571275744519
10078,2008-11-29,1,1,0,5.0,9.0,9.1,0.8507275004357279
10084,2008-10-24,1,0,1,3.0,7.0,9.3,0.8387268988676674
10088,2008-01-17,1,1,0,4.0,7.0,10.0,0.9196245480911853
10092,2008-10-04,1,0,1,3.0,7.0,9.4,0.8510747236021534
10095,2008-07-11,0,1,0,5.0,9.0,9.9,0.9283683472012398
10099,2008-06-24,1,1,0,4.0,8.0,8.6,0.7561507055348899
10104,2008-08-13,0,1,1,5.0,10.0,9.4,0.9504478125515952
10112,2008-11-23,0,1,0,3.0,7.0,8.7,0.7673800475338308
10133,2008-05-15,1,0,1,4.0,9.0,8.6,0.7804812972591602
10187,2008-05-01,1,1,0,4.0,8.0,8.5,0.7591297664220011
10209,2008-12-06,1,0,0,3.0,8.0,8.7,0.7986434395409259
10210,2008-08-05,1,1,0,3.0,7.0,8.8,0.7613197142100856
10247,2008-09-04,1,0,0,4.0,8.0,8.4,0.7524953636316299
10280,2008-01-02,0,0,1,3.0,8.0,8.2,0.790720929460926
10294,2008-07-08,1,1,1,3.0,8.0,8.0,0.7657037619025919
10312,2008-11-20,0,1,0,4.0,8.0,8.9,0.7930745780529248
10325,2008-11-22,0,0,0,4.0,8.0,8.6,0.7675198436741373
10337,2008-08-28,0,1,0,2.0,7.0,8.9,0.7555807985045915
10353,2008-02-17,1,0,0,4.0,8.0,9.0,0.792055120823083
10354,2008-06-08,1,1,0,5.0,10.0,9.7,0.9105212249771888
10358,2008-02-22,1,1,0,4.0,8.0,8.7,0.7811716591332498
10378,2008-11-07,0,0,0,4.0,8.0,8.9,0.7830392466545093
10381,2008-07-10,1,1,1,5.0,9.0,9.3,0.8644828185675233
10382,2008-08-07,0,1,1,3.0,8.0,8.7,0.8126061986267954
10425,2008-07-12,0,1,0,3.0,8.0,8.7,0.8086356104450643
10448,2008-08-06,1,1,0,5.0,9.0,8.9,0.8445486655037738
10483,2008-12-10,0,0,1,3.0,8.0,8.8,0.8079500487409582
10516,2008-04-22,0,1,0,4.0,7.0,8.9,0.7574909203523295
10518,2008-06-05,1,1,0,5.0,9.0,10.0,0.9572093334976679
10519,2008-09-13,0,0,0,3.0,8.0,8.0,0.7546624701302242
10559,2008-12-02,1,1,0,3.0,7.0,9.2,0.7999921889650271
10581,2008-12-07,0,0,0,3.0,7.0,9.5,0.8719079620671577
10586,2008-09-07,0,1,1,5.0,8.0,9.3,0.8504086764134677
10598,2008-08-04,0,1,0,3.0,7.0,9.9,0.8804549398576079
10627,2008-12-26,0,1,0,5.0,9.0,8.7,0.8319615021610458
10635,2008-03-21,1,0,1,3.0,7.0,8.7,0.7651630057190437
10642,2008-11-21,1,0,0,4.0,9.0,8.8,0.8057400731200697
10651,2008-09-08,1,1,0,4.0,9.0,8.4,0.780055688813621
10678,2008-04-30,1,0,0,5.0,10.0,9.5,0.9042347867919462
10718,2008-06-13,1,1,0,4.0,9.0,8.8,0.8097612851197046
10743,2008-12-10,0,0,0,4.0,8.0,9.2,0.8339709074348354
10748,2008-10-09,1,1,0,4.0,9.0,8.6,0.7769676217423239
10771,2008-09-05,0,1,0,4.0,9.0,10.0,0.9605526438520807
10776,2008-09-27,1,1,0,3.0,8.0,8.5,0.7764064667926169
10783,2008-10-04,1,1,1,3.0,8.0,8.7,0.808679581152375
10786,2008-05-19,1,1,0,4.0,8.0,8.6,0.7595274762450513
10788,2008-02-26,0,0,0,4.0,9.0,10.0,0.9549556485048802
10803,2008-06-15,1,1,0,5.0,8.0,8.4,0.785859140103639
10836,2008-07-13,1,1,0,4.0,8.0,8.9,0.7816638893686346
10838,2008-10-14,1,0,0,5.0,10.0,9.8,0.9028299378124274
10884,2008-05-21,0,0,1,5.0,10.0,10.0,0.9757675602110615
10896,2008-12-09,0,1,0,5.0,8.0,7.8,0.7523521830093474
10936,2008-11-28,0,1,0,4.0,7.0,8.8,0.7584408379347486
10965,2008-07-25,1,1,0,5.0,10.0,8.5,0.8173586665472463
11040,2008-07-06,0,1,0,5.0,9.0,9.7,0.9165306389755719
11041,2008-01-23,1,1,0,4.0,8.0,9.1,0.8041739105700272
11042,2008-11-13,0,0,0,4.0,9.0,9.5,0.9049772227914195
11043,2008-02-21,1,1,0,4.0,8.0,8.4,0.7502111338363331
11052,2008-03-30,0,1,0,4.0,9.0,10.0,0.9359472967120962
11075,2008-03-12,1,0,1,4.0,8.0,8.5,0.755534285818996
11103,2008-04-10,0,0,0,4.0,8.0,8.6,0.7592824217360734
11173,2008-09-08,1,0,1,3.0,8.0,8.5,0.7887846657454214
11176,2008-10-18,1,0,1,4.0,9.0,9.0,0.8215454895774986
11184,2008-09-02,1,1,0,5.0,8.0,8.9,0.8089139513890828
11219,2008-11-18,1,1,0,4.0,8.0,9.2,0.8064409009797077
11229,2008-05-30,1,1,1,5.0,8.0,8.4,0.7887693938217287
11252,2008-07-10,0,1,1,4.0,8.0,9.7,0.8653417327628785
11272,2008-04-23,1,1,1,5.0,8.0,9.1,0.8155152233015501
11291,2008-08-28,0,1,1,4.0,8.0,8.4,0.7535382713868131
11352,2008-07-09,1,0,1,5.0,10.0,9.9,0.9228790850541271
11362,2008-08-20,0,1,0,4.0,8.0,9.5,0.8586395053936611
11371,2008-06-13,0,1,0,5.0,9.0,8.7,0.8302853713133681
11409,2008-07-07,0,1,1,4.0,9.0,8.9,0.8091399801917427
11412,2008-03-09,1,0,0,5.0,9.0,9.6,0.8851567558032556
11422,2008-05-05,0,1,0,5.0,9.0,8.2,0.8050714262638838
11427,2008-11-09,0,0,0,4.0,9.0,8.1,0.7679529205584226
11428,2008-11-04,1,0,1,4.0,8.0,8.4,0.7693963997858044
11434,2008-02-12,0,1,1,4.0,8.0,9.7,0.865247023206885
11436,2008-03-30,1,1,0,5.0,10.0,8.3,0.8056162796005013
11446,2008-03-15,1,1,0,5.0,9.0,9.3,0.871806767918837
11450,2008-04-04,1,1,1,4.0,9.0,8.8,0.7903541559882432
11471,2008-02-28,0,1,0,5.0,10.0,9.0,0.9064374975943714
11493,2008-08-30,1,1,0,4.0,9.0,8.6,0.7904101083652513
11512,2008-09-10,1,1,0,5.0,8.0,8.6,0.8002817838986299
11527,2008-05-19,1,0,1,4.0,8.0,9.5,0.8575889966447606
11536,2008-05-04,0,1,1,4.0,9.0,9.2,0.8156762319560993
11543,2008-05-14,0,1,1,4.0,8.0,8.7,0.7658584661538832
11595,2008-10-12,0,1,1,3.0,7.0,8.8,0.7770090070347647
11602,2008-06-24,1,0,0,4.0,9.0,9.5,0.8882664578892888
11621,2008-12-15,1,1,0,5.0,9.0,8.7,0.8371130443117245
11654,2008-04-08,1,1,0,4.0,8.0,8.4,0.7502111338363331
11713,2008-03-13,1,1,0,5.0,10.0,10.0,0.9730917324799417
11718,2008-03-02,1,1,0,4.0,8.0,8.9,0.7965411860046405
11728,2008-04-10,0,1,1,5.0,10.0,9.8,0.9240344208905462
11737,2008-03-06,0,1,1,2.0,7.0,8.8,0.7595953980280494
11753,2008-04-03,0,1,1,4.0,9.0,8.4,0.785752875302854
11756,2008-11-02,1,1,1,3.0,8.0,8.2,0.7785366885369343
11766,2008-09-08,1,0,1,4.0,8.0,8.7,0.7815215314987507
11780,2008-12-17,0,0,0,3.0,7.0,8.8,0.7672644176098001
11781,2008-11-29,1,0,1,2.0,6.0,9.1,0.7724391818103067
11831,2008-04-01,1,0,0,3.0,8.0,8.7,0.7925010345970174
11835,2008-09-28,0,1,0,5.0,10.0,9.9,0.9325028263533504
11879,2008-05-09,1,0,0,4.0,9.0,8.6,0.7912929468498824
11894,2008-03-17,1,0,0,3.0,7.0,9.1,0.8088400096506726
11904,2008-04-07,1,1,0,4.0,7.0,8.8,0.7536831314435568
11923,2008-05-26,0,1,0,3.0,7.0,8.9,0.7728176884747326
11928,2008-04-02,1,1,0,4.0,9.0,9.4,0.8639909606557554
11929,2008-03-06,0,1,1,5.0,9.0,9.3,0.8825672491819536
11936,2008-04-01,0,1,0,4.0,8.0,8.5,0.7536709828295984
11944,2008-08-07,0,0,1,4.0,9.0,10.0,0.9431808639440458
11959,2008-03-11,1,1,0,3.0,8.0,9.2,0.8230039085285946
11966,2008-08-14,1,1,0,3.0,8.0,8.2,0.7638030562654817
11987,2008-05-15,0,1,0,4.0,9.0,9.6,0.8771359603630431
12001,2008-04-06,1,1,0,5.0,10.0,10.0,0.9842706736811322
12014,2008-05-25,1,0,1,4.0,8.0,8.9,0.7810217997092189
12097,2008-01-10,0,1,0,4.0,8.0,8.6,0.7664647308026269
12127,2008-05-30,1,0,0,3.0,8.0,9.3,0.8516217608053511
12166,2008-12-19,1,0,1,4.0,8.0,9.5,0.8577362296822388
12213,2008-05-09,1,1,0,3.0,7.0,9.4,0.8363723000402509
12219,2008-06-10,1,1,0,4.0,9.0,8.8,0.8354293606462213
12247,2008-02-12,1,1,0,4.0,7.0,9.6,0.8255015318145891
